Workbook

Sheet Read me
B2: FrameGen content tracker
B3: Three tabs. Spots is the one you live in.
B5: HOW IT WORKS
B6: Every video is one row on Spots. Its Status says where it is and who owns it. Two statuses are handoffs: Generated means it is the editor's, Review means it is back with you. Nothing else needs discussing.
B8: THREE RULES
B9: 1. Use the dropdowns. Never type into Status, Format or Theme. One trailing space and the counts stop working.
B10: 2. Use Filter views, not filters. Data ▸ Filter views ▸ Create new. A filter view is yours alone — a plain filter changes what everyone else sees. Save three: Editor queue (Status = Generated or Editing), Review queue (Status = Review), Buffer (Status = Approved).
B11: 3. Never delete a Posted row. It is your performance history, and it is what makes the Hooks tab smarter each month.
B13: THE ONLY NUMBER TO CHECK
B14: Top-left of Spots: Ready to post. Hold it at 8 — two weeks of runway. It turns red under 6, which is your signal to brief the next theme block. Nothing else on this file needs a weekly glance.
B16: WHAT YOU FILL IN vs WHAT FILLS ITSELF
B17: You fill in — columns A to L, all next to each other on purpose: Theme, Spot #, Hook ID, Slug, Format, Status, Prompt, Editor notes, Drive file, Publish date, Views, Saves. That block is contiguous so you can paste a whole new theme in from spots.csv in one go.
... B26: The Ref tab holds the dropdown lists. Edit them there and the dropdowns follow.

Sheet Spots
A1: Ready to post | C1: In production | E1: Posted | G1: Buffer | I1: Keep Ready to post at 8. Under 6, brief the next theme block.
A2: =COUNTIF($F:$F,"Approved") -> 1 | C2: =COUNTIF($F:$F,"Generated")+COUNTIF($F:$F,"Editing")+COUNTIF($F:$F,"Review") -> 2 | E2: =COUNTIF($F:$F,"Posted") -> 0 | G2: =IF($A$2<6,"LOW — brief a block","OK") -> LOW — brief a block | I2: Everything below is one row per video. Never delete a Posted row — it is your performance history.
A4: Theme | B4: Spot # | C4: Hook ID | D4: Slug | E4: Format | F4: Status | G4: Prompt | H4: Editor notes | I4: Drive file | J4: Publish date | K4: Views | L4: Saves | M4: Hook text | N4: File name | O4: Owner
A5: T01 | B5: 1 | C5: H001 | D5: cheaper-than-a-shoot | E5: Product review | F5: Approved | G5: Handheld phone-style, woman 28 holding sunglasses to camera, plain north-facing daylight, uneven real skin texture, 9:16 | H5: Graded, captions burned in | I5: https://drive.google.com/… | M5: =IFERROR(INDEX(Hooks!$B:$B,MATCH($C5,Hooks!$A:$A,0)),"") -> I paid $3,000 for a UGC video. Then I made this one for $140. | N5: =IF($A5="","",$A5&"_"&TEXT($B5,"00")&"_"&$D5&"_9x16") -> T01_01_cheaper-than-a-shoot_9x16 | O5: =IFERROR(INDEX(Ref!$G:$G,MATCH($F5,Ref!$F:$F,0)),"") -> Yana
A6: T01 | B6: 2 | C6: H002 | D6: what-140-dollars-buys | E6: Unboxing | F6: Editing | G6: Overhead unboxing on raw linen, hands only, flat overcast daylight, matte case opening, 9:16 | H6: Tighter cut at 0:04 | I6: https://drive.google.com/… | M6: =IFERROR(INDEX(Hooks!$B:$B,MATCH($C6,Hooks!$A:$A,0)),"") -> This is what $140 of AI video actually looks like. | N6: =IF($A6="","",$A6&"_"&TEXT($B6,"00")&"_"&$D6&"_9x16") -> T01_02_what-140-dollars-buys_9x16 | O6: =IFERROR(INDEX(Ref!$G:$G,MATCH($F6,Ref!$F:$F,0)),"") -> Editor
A7: T01 | B7: 3 | C7: H003 | D7: my-editor-quit | E7: UGC entertainment | F7: Generated | G7: Talking head at desk, lived-in office, laughing mid-sentence, natural handheld drift, cool daylight, 9:16 | M7: =IFERROR(INDEX(Hooks!$B:$B,MATCH($C7,Hooks!$A:$A,0)),"") -> My editor quit two days before the launch. Here's what I did. | N7: =IF($A7="","",$A7&"_"&TEXT($B7,"00")&"_"&$D7&"_9x16") -> T01_03_my-editor-quit_9x16 | O7: =IFERROR(INDEX(Ref!$G:$G,MATCH($F7,Ref!$F:$F,0)),"") -> Editor
M8: =IFERROR(INDEX(Hooks!$B:$B,MATCH($C8,Hooks!$A:$A,0)),"") | N8: =IF($A8="","",$A8&"_"&TEXT($B8,"00")&"_"&$D8&"_9x16") | O8: =IFERROR(INDEX(Ref!$G:$G,MATCH($F8,Ref!$F:$F,0)),"")
A9: ↑ rows 5–7 are examples — overwrite or delete them | M9: =IFERROR(INDEX(Hooks!$B:$B,MATCH($C9,Hooks!$A:$A,0)),"") | N9: =IF($A9="","",$A9&"_"&TEXT($B9,"00")&"_"&$D9&"_9x16") -> ↑ rows 5–7 are examples — overwrite or delete them_00__9x16 | O9: =IFERROR(INDEX(Ref!$G:$G,MATCH($F9,Ref!$F:$F,0)),"")
M10: =IFERROR(INDEX(Hooks!$B:$B,MATCH($C10,Hooks!$A:$A,0)),"") | N10: =IF($A10="","",$A10&"_"&TEXT($B10,"00")&"_"&$D10&"_9x16") | O10: =IFERROR(INDEX(Ref!$G:$G,MATCH($F10,Ref!$F:$F,0)),"")
M11: =IFERROR(INDEX(Hooks!$B:$B,MATCH($C11,Hooks!$A:$A,0)),"") | N11: =IF($A11="","",$A11&"_"&TEXT($B11,"00")&"_"&$D11&"_9x16") | O11: =IFERROR(INDEX(Ref!$G:$G,MATCH($F11,Ref!$F:$F,0)),"")
M12: =IFERROR(INDEX(Hooks!$B:$B,MATCH($C12,Hooks!$A:$A,0)),"") | N12: =IF($A12="","",$A12&"_"&TEXT($B12,"00")&"_"&$D12&"_9x16") | O12: =IFERROR(INDEX(Ref!$G:$G,MATCH($F12,Ref!$F:$F,0)),"")
M13: =IFERROR(INDEX(Hooks!$B:$B,MATCH($C13,Hooks!$A:$A,0)),"") | N13: =IF($A13="","",$A13&"_"&TEXT($B13,"00")&"_"&$D13&"_9x16") | O13: =IFERROR(INDEX(Ref!$G:$G,MATCH($F13,Ref!$F:$F,0)),"")
M14: =IFERROR(INDEX(Hooks!$B:$B,MATCH($C14,Hooks!$A:$A,0)),"") | N14: =IF($A14="","",$A14&"_"&TEXT($B14,"00")&"_"&$D14&"_9x16") | O14: =IFERROR(INDEX(Ref!$G:$G,MATCH($F14,Ref!$F:$F,0)),"")
M15: =IFERROR(INDEX(Hooks!$B:$B,MATCH($C15,Hooks!$A:$A,0)),"") | N15: =IF($A15="","",$A15&"_"&TEXT($B15,"00")&"_"&$D15&"_9x16") | O15: =IFERROR(INDEX(Ref!$G:$G,MATCH($F15,Ref!$F:$F,0)),"")
M16: =IFERROR(INDEX(Hooks!$B:$B,MATCH($C16,Hooks!$A:$A,0)),"") | N16: =IF($A16="","",$A16&"_"&TEXT($B16,"00")&"_"&$D16&"_9x16") | O16: =IFERROR(INDEX(Ref!$G:$G,MATCH($F16,Ref!$F:$F,0)),"")
M17: =IFERROR(INDEX(Hooks!$B:$B,MATCH($C17,Hooks!$A:$A,0)),"") | N17: =IF($A17="","",$A17&"_"&TEXT($B17,"00")&"_"&$D17&"_9x16") | O17: =IFERROR(INDEX(Ref!$G:$G,MATCH($F17,Ref!$F:$F,0)),"")
M18: =IFERROR(INDEX(Hooks!$B:$B,MATCH($C18,Hooks!$A:$A,0)),"") | N18: =IF($A18="","",$A18&"_"&TEXT($B18,"00")&"_"&$D18&"_9x16") | O18: =IFERROR(INDEX(Ref!$G:$G,MATCH($F18,Ref!$F:$F,0)),"")
M19: =IFERROR(INDEX(Hooks!$B:$B,MATCH($C19,Hooks!$A:$A,0)),"") | N19: =IF($A19="","",$A19&"_"&TEXT($B19,"00")&"_"&$D19&"_9x16") | O19: =IFERROR(INDEX(Ref!$G:$G,MATCH($F19,Ref!$F:$F,0)),"")
M20: =IFERROR(INDEX(Hooks!$B:$B,MATCH($C20,Hooks!$A:$A,0)),"") | N20: =IF($A20="","",$A20&"_"&TEXT($B20,"00")&"_"&$D20&"_9x16") | O20: =IFERROR(INDEX(Ref!$G:$G,MATCH($F20,Ref!$F:$F,0)),"")
M21: =IFERROR(INDEX(Hooks!$B:$B,MATCH($C21,Hooks!$A:$A,0)),"") | N21: =IF($A21="","",$A21&"_"&TEXT($B21,"00")&"_"&$D21&"_9x16") | O21: =IFERROR(INDEX(Ref!$G:$G,MATCH($F21,Ref!$F:$F,0)),"")
... M204: =IFERROR(INDEX(Hooks!$B:$B,MATCH($C204,Hooks!$A:$A,0)),"") | N204: =IF($A204="","",$A204&"_"&TEXT($B204,"00")&"_"&$D204&"_9x16") | O204: =IFERROR(INDEX(Ref!$G:$G,MATCH($F204,Ref!$F:$F,0)),"")

Sheet Themes
A1: Theme | B1: Product / theme | C1: Angle | D1: Visual DNA link | E1: Drive folder | F1: Status | G1: Spots planned | H1: Spots done | I1: % done | J1: Started | K1: Notes
A2: T01 | B2: Sunglasses — summer drop | C2: Price shock: studio quality without the shoot | F2: In production | G2: 12 | H2: =COUNTIFS(Spots!$A:$A,$A2,Spots!$F:$F,"Posted") -> 0 | I2: =IF(N($G2)=0,"",$H2/$G2) -> 0 | K2: Example row — overwrite with your first real block
H3: =COUNTIFS(Spots!$A:$A,$A3,Spots!$F:$F,"Posted") -> 0 | I3: =IF(N($G3)=0,"",$H3/$G3)
H4: =COUNTIFS(Spots!$A:$A,$A4,Spots!$F:$F,"Posted") -> 0 | I4: =IF(N($G4)=0,"",$H4/$G4)
H5: =COUNTIFS(Spots!$A:$A,$A5,Spots!$F:$F,"Posted") -> 0 | I5: =IF(N($G5)=0,"",$H5/$G5)
H6: =COUNTIFS(Spots!$A:$A,$A6,Spots!$F:$F,"Posted") -> 0 | I6: =IF(N($G6)=0,"",$H6/$G6)
H7: =COUNTIFS(Spots!$A:$A,$A7,Spots!$F:$F,"Posted") -> 0 | I7: =IF(N($G7)=0,"",$H7/$G7)
H8: =COUNTIFS(Spots!$A:$A,$A8,Spots!$F:$F,"Posted") -> 0 | I8: =IF(N($G8)=0,"",$H8/$G8)
H9: =COUNTIFS(Spots!$A:$A,$A9,Spots!$F:$F,"Posted") -> 0 | I9: =IF(N($G9)=0,"",$H9/$G9)
H10: =COUNTIFS(Spots!$A:$A,$A10,Spots!$F:$F,"Posted") -> 0 | I10: =IF(N($G10)=0,"",$H10/$G10)
H11: =COUNTIFS(Spots!$A:$A,$A11,Spots!$F:$F,"Posted") -> 0 | I11: =IF(N($G11)=0,"",$H11/$G11)
H12: =COUNTIFS(Spots!$A:$A,$A12,Spots!$F:$F,"Posted") -> 0 | I12: =IF(N($G12)=0,"",$H12/$G12)
H13: =COUNTIFS(Spots!$A:$A,$A13,Spots!$F:$F,"Posted") -> 0 | I13: =IF(N($G13)=0,"",$H13/$G13)
H14: =COUNTIFS(Spots!$A:$A,$A14,Spots!$F:$F,"Posted") -> 0 | I14: =IF(N($G14)=0,"",$H14/$G14)
... H61: =COUNTIFS(Spots!$A:$A,$A61,Spots!$F:$F,"Posted") -> 0 | I61: =IF(N($G61)=0,"",$H61/$G61)

Sheet Hooks
A1: Hook ID | B1: Hook text | C1: Source | D1: Segment | E1: Pain point | F1: Best format | G1: Times used | H1: Avg views when used | I1: Notes | K1: Approved hooks in bank
A2: H001 | B2: I paid $3,000 for a UGC video. Then I made this one for $140. | C2: Pain-point matrix | D2: DTC founders | E2: Cost of creator content | F2: Product review | G2: =COUNTIF(Spots!$C:$C,$A2) -> 1 | H2: =IFERROR(AVERAGEIFS(Spots!$K:$K,Spots!$C:$C,$A2,Spots!$F:$F,"Posted"),"") | K2: =COUNTA($A$2:$A$400)-COUNTIF($G$2:$G$400,">0") -> 3
A3: H002 | B3: This is what $140 of AI video actually looks like. | C3: Pain-point matrix | D3: E-commerce | E3: Fear it looks cheap | F3: Product review | G3: =COUNTIF(Spots!$C:$C,$A3) -> 1 | H3: =IFERROR(AVERAGEIFS(Spots!$K:$K,Spots!$C:$C,$A3,Spots!$F:$F,"Posted"),"") | K3: Unused hooks. Hold a floor of 30.
A4: H003 | B4: My editor quit two days before the launch. Here's what I did. | C4: Original | D4: DTC founders | E4: Missed deadlines mid-campaign | F4: UGC entertainment | G4: =COUNTIF(Spots!$C:$C,$A4) -> 1 | H4: =IFERROR(AVERAGEIFS(Spots!$K:$K,Spots!$C:$C,$A4,Spots!$F:$F,"Posted"),"")
A5: H004 | B5: Nobody in this ad exists. Watch it anyway. | C5: Original | D5: Media buyers | E5: Will it pass ad review | F5: UGC entertainment | G5: =COUNTIF(Spots!$C:$C,$A5) -> 0 | H5: =IFERROR(AVERAGEIFS(Spots!$K:$K,Spots!$C:$C,$A5,Spots!$F:$F,"Posted"),"")
A6: H005 | B6: 12 ad variations. One product. Forty minutes. | C6: Pain-point matrix | D6: Media buyers | E6: Volume of creative needed | F6: Unboxing | G6: =COUNTIF(Spots!$C:$C,$A6) -> 0 | H6: =IFERROR(AVERAGEIFS(Spots!$K:$K,Spots!$C:$C,$A6,Spots!$F:$F,"Posted"),"")
A7: H006 | B7: Your competitors are already testing 30 creatives a week. You're testing three. | C7: Pain-point matrix | D7: Media buyers | E7: Falling behind on testing speed | F7: Product review | G7: =COUNTIF(Spots!$C:$C,$A7) -> 0 | H7: =IFERROR(AVERAGEIFS(Spots!$K:$K,Spots!$C:$C,$A7,Spots!$F:$F,"Posted"),"")
G8: =COUNTIF(Spots!$C:$C,$A8) -> 0 | H8: =IFERROR(AVERAGEIFS(Spots!$K:$K,Spots!$C:$C,$A8,Spots!$F:$F,"Posted"),"")
B9: ↑ six starter hooks — add the rest from the monthly competitor scrape | G9: =COUNTIF(Spots!$C:$C,$A9) -> 0 | H9: =IFERROR(AVERAGEIFS(Spots!$K:$K,Spots!$C:$C,$A9,Spots!$F:$F,"Posted"),"")
G10: =COUNTIF(Spots!$C:$C,$A10) -> 0 | H10: =IFERROR(AVERAGEIFS(Spots!$K:$K,Spots!$C:$C,$A10,Spots!$F:$F,"Posted"),"")
G11: =COUNTIF(Spots!$C:$C,$A11) -> 0 | H11: =IFERROR(AVERAGEIFS(Spots!$K:$K,Spots!$C:$C,$A11,Spots!$F:$F,"Posted"),"")
G12: =COUNTIF(Spots!$C:$C,$A12) -> 0 | H12: =IFERROR(AVERAGEIFS(Spots!$K:$K,Spots!$C:$C,$A12,Spots!$F:$F,"Posted"),"")
G13: =COUNTIF(Spots!$C:$C,$A13) -> 0 | H13: =IFERROR(AVERAGEIFS(Spots!$K:$K,Spots!$C:$C,$A13,Spots!$F:$F,"Posted"),"")
G14: =COUNTIF(Spots!$C:$C,$A14) -> 0 | H14: =IFERROR(AVERAGEIFS(Spots!$K:$K,Spots!$C:$C,$A14,Spots!$F:$F,"Posted"),"")
G15: =COUNTIF(Spots!$C:$C,$A15) -> 0 | H15: =IFERROR(AVERAGEIFS(Spots!$K:$K,Spots!$C:$C,$A15,Spots!$F:$F,"Posted"),"")
G16: =COUNTIF(Spots!$C:$C,$A16) -> 0 | H16: =IFERROR(AVERAGEIFS(Spots!$K:$K,Spots!$C:$C,$A16,Spots!$F:$F,"Posted"),"")
G17: =COUNTIF(Spots!$C:$C,$A17) -> 0 | H17: =IFERROR(AVERAGEIFS(Spots!$K:$K,Spots!$C:$C,$A17,Spots!$F:$F,"Posted"),"")
G18: =COUNTIF(Spots!$C:$C,$A18) -> 0 | H18: =IFERROR(AVERAGEIFS(Spots!$K:$K,Spots!$C:$C,$A18,Spots!$F:$F,"Posted"),"")
G19: =COUNTIF(Spots!$C:$C,$A19) -> 0 | H19: =IFERROR(AVERAGEIFS(Spots!$K:$K,Spots!$C:$C,$A19,Spots!$F:$F,"Posted"),"")
G20: =COUNTIF(Spots!$C:$C,$A20) -> 0 | H20: =IFERROR(AVERAGEIFS(Spots!$K:$K,Spots!$C:$C,$A20,Spots!$F:$F,"Posted"),"")
G21: =COUNTIF(Spots!$C:$C,$A21) -> 0 | H21: =IFERROR(AVERAGEIFS(Spots!$K:$K,Spots!$C:$C,$A21,Spots!$F:$F,"Posted"),"")
... G401: =COUNTIF(Spots!$C:$C,$A401) -> 0 | H401: =IFERROR(AVERAGEIFS(Spots!$K:$K,Spots!$C:$C,$A401,Spots!$F:$F,"Posted"),"")

Sheet Ref
A1: Lists that feed the dropdowns. Edit here, the dropdowns follow.
A3: Format | C3: Source | D3: Segment | E3: Theme status | F3: Spot status | G3: Owner
A4: Unboxing | C4: Competitor outlier | D4: E-commerce | E4: Planned | F4: Idea | G4: Yana
A5: Product review | C5: Pain-point matrix | D5: DTC founders | E5: Briefed | F5: Prompted | G5: Yana
A6: ASMR | C6: Original | D6: Media buyers | E6: In production | F6: Generated | G6: Editor
A7: Street interview | E7: Complete | F7: Editing | G7: Editor
A8: UGC entertainment | E8: Archived | F8: Review | G8: Yana
F9: Approved | G9: Yana
F10: Posted | G10: —
